{
  "id": "geral",
  "detalhe": {
    "2014": {
      "resumo": {
        "num_diarios": 2229,
        "num_contratos": 1490,
        "total_gasto": 103808398.08
      },
      "1": {
        "num_diarios": 173,
        "num_contratos": 50,
        "total_gasto": 8047918.0600000005
      },
      "2": {
        "num_diarios": 204,
        "num_contratos": 201,
        "total_gasto": 13466552.92
      },
      "3": {
        "num_diarios": 188,
        "num_contratos": 106,
        "total_gasto": 10430128.0
      },
      "4": {
        "num_diarios": 183,
        "num_contratos": 323,
        "total_gasto": 12820370.7
      },
      "5": {
        "num_diarios": 180,
        "num_contratos": 112,
        "total_gasto": 10018834.389999999
      },
      "6": {
        "num_diarios": 175,
        "num_contratos": 251,
        "total_gasto": 10516911.77
      },
      "7": {
        "num_diarios": 215,
        "num_contratos": 148,
        "total_gasto": 9691242.16
      },
      "8": {
        "num_diarios": 200,
        "num_contratos": 91,
        "total_gasto": 11891260.969999999
      },
      "9": {
        "num_diarios": 180,
        "num_contratos": 66,
        "total_gasto": 4353079.44
      },
      "10": {
        "num_diarios": 174,
        "num_contratos": 52,
        "total_gasto": 4251500.07
      },
      "11": {
        "num_diarios": 171,
        "num_contratos": 34,
        "total_gasto": 4719249.390000001
      },
      "12": {
        "num_diarios": 186,
        "num_contratos": 56,
        "total_gasto": 3601350.2100000004
      }
    },
    "2015": {
      "resumo": {
        "num_diarios": 2720,
        "num_contratos": 1458,
        "total_gasto": 117397220.90000015
      },
      "1": {
        "num_diarios": 223,
        "num_contratos": 57,
        "total_gasto": 9382793.96
      },
      "2": {
        "num_diarios": 211,
        "num_contratos": 151,
        "total_gasto": 12107461.21
      },
      "3": {
        "num_diarios": 246,
        "num_contratos": 173,
        "total_gasto": 11765801.890000008
      },
      "4": {
        "num_diarios": 262,
        "num_contratos": 179,
        "total_gasto": 15233719.329999996
      },
      "5": {
        "num_diarios": 243,
        "num_contratos": 165,
        "total_gasto": 19087407.439999998
      },
      "6": {
        "num_diarios": 225,
        "num_contratos": 141,
        "total_gasto": 11128493.2
      },
      "7": {
        "num_diarios": 263,
        "num_contratos": 185,
        "total_gasto": 10921981.77
      },
      "8": {
        "num_diarios": 226,
        "num_contratos": 84,
        "total_gasto": 6902728.600000001
      },
      "9": {
        "num_diarios": 210,
        "num_contratos": 93,
        "total_gasto": 8245735.2700000005
      },
      "10": {
        "num_diarios": 228,
        "num_contratos": 105,
        "total_gasto": 4009044.410000003
      },
      "11": {
        "num_diarios": 168,
        "num_contratos": 55,
        "total_gasto": 3397160.390000002
      },
      "12": {
        "num_diarios": 215,
        "num_contratos": 70,
        "total_gasto": 5214893.429999999
      }
    },
    "2016": {
      "resumo": {
        "num_diarios": 2620,
        "num_contratos": 1502,
        "total_gasto": 119340474.23
      },
      "1": {
        "num_diarios": 226,
        "num_contratos": 121,
        "total_gasto": 10606587.889999997
      },
      "2": {
        "num_diarios": 239,
        "num_contratos": 150,
        "total_gasto": 16043430.699999997
      },
      "3": {
        "num_diarios": 256,
        "num_contratos": 256,
        "total_gasto": 22171698.909999996
      },
      "4": {
        "num_diarios": 243,
        "num_contratos": 153,
        "total_gasto": 12305774.88
      },
      "5": {
        "num_diarios": 248,
        "num_contratos": 175,
        "total_gasto": 18866223.510000005
      },
      "6": {
        "num_diarios": 215,
        "num_contratos": 148,
        "total_gasto": 11757258.590000002
      },
      "7": {
        "num_diarios": 217,
        "num_contratos": 144,
        "total_gasto": 6343815.739999999
      },
      "8": {
        "num_diarios": 211,
        "num_contratos": 109,
        "total_gasto": 9489213.97
      },
      "9": {
        "num_diarios": 163,
        "num_contratos": 82,
        "total_gasto": 3136120.39
      },
      "10": {
        "num_diarios": 172,
        "num_contratos": 49,
        "total_gasto": 1682217.5299999998
      },
      "11": {
        "num_diarios": 209,
        "num_contratos": 60,
        "total_gasto": 2955799.08
      },
      "12": {
        "num_diarios": 221,
        "num_contratos": 55,
        "total_gasto": 3982333.0400000005
      }
    },
    "2017": {
      "resumo": {
        "num_diarios": 3647,
        "num_contratos": 2769,
        "total_gasto": 201589621.39000016
      },
      "1": {
        "num_diarios": 302,
        "num_contratos": 90,
        "total_gasto": 6863937.029999999
      },
      "2": {
        "num_diarios": 307,
        "num_contratos": 243,
        "total_gasto": 21460777.16
      },
      "3": {
        "num_diarios": 334,
        "num_contratos": 457,
        "total_gasto": 29886926.190000005
      },
      "4": {
        "num_diarios": 281,
        "num_contratos": 304,
        "total_gasto": 20540999.960000005
      },
      "5": {
        "num_diarios": 351,
        "num_contratos": 342,
        "total_gasto": 26069389.509999998
      },
      "6": {
        "num_diarios": 314,
        "num_contratos": 256,
        "total_gasto": 17491232.060000002
      },
      "7": {
        "num_diarios": 291,
        "num_contratos": 248,
        "total_gasto": 19117327.210000012
      },
      "8": {
        "num_diarios": 338,
        "num_contratos": 223,
        "total_gasto": 15871135.64
      },
      "9": {
        "num_diarios": 297,
        "num_contratos": 144,
        "total_gasto": 12315011.34
      },
      "10": {
        "num_diarios": 268,
        "num_contratos": 213,
        "total_gasto": 13170875.979999995
      },
      "11": {
        "num_diarios": 254,
        "num_contratos": 135,
        "total_gasto": 8786009.04
      },
      "12": {
        "num_diarios": 310,
        "num_contratos": 114,
        "total_gasto": 10016000.27
      }
    },
    "2018": {
      "resumo": {
        "num_diarios": 4788,
        "num_contratos": 3406,
        "total_gasto": 294259611.92000014
      },
      "1": {
        "num_diarios": 386,
        "num_contratos": 215,
        "total_gasto": 22593195.929999992
      },
      "2": {
        "num_diarios": 333,
        "num_contratos": 381,
        "total_gasto": 32792630.369999997
      },
      "3": {
        "num_diarios": 419,
        "num_contratos": 432,
        "total_gasto": 35585967.099999994
      },
      "4": {
        "num_diarios": 415,
        "num_contratos": 375,
        "total_gasto": 45952262.16
      },
      "5": {
        "num_diarios": 436,
        "num_contratos": 342,
        "total_gasto": 24882359.840000007
      },
      "6": {
        "num_diarios": 403,
        "num_contratos": 311,
        "total_gasto": 24836078.159999996
      },
      "7": {
        "num_diarios": 428,
        "num_contratos": 349,
        "total_gasto": 20528807.500000004
      },
      "8": {
        "num_diarios": 477,
        "num_contratos": 303,
        "total_gasto": 28206401.999999993
      },
      "9": {
        "num_diarios": 354,
        "num_contratos": 192,
        "total_gasto": 14771120.59
      },
      "10": {
        "num_diarios": 390,
        "num_contratos": 198,
        "total_gasto": 12482108.370000001
      },
      "11": {
        "num_diarios": 371,
        "num_contratos": 188,
        "total_gasto": 16722290.44
      },
      "12": {
        "num_diarios": 376,
        "num_contratos": 120,
        "total_gasto": 14906389.46
      }
    },
    "2019": {
      "resumo": {
        "num_diarios": 5708,
        "num_contratos": 4483,